{"title":"US Federal Courts Map","config":{"root":"src"},"pages":[{"path":"/","source":"/index.md","title":"US Federal Courts Map"},{"path":"/circuits/district-of-columbia-circuit","source":"/circuits/district-of-columbia-circuit.md","title":"District of Columbia Circuit"},{"path":"/circuits/eighth-circuit","source":"/circuits/eighth-circuit.md","title":"Eighth Circuit"},{"path":"/circuits/eleventh-circuit","source":"/circuits/eleventh-circuit.md","title":"Eleventh Circuit"},{"path":"/circuits/fifth-circuit","source":"/circuits/fifth-circuit.md","title":"Fifth Circuit"},{"path":"/circuits/first-circuit","source":"/circuits/first-circuit.md","title":"First Circuit"},{"path":"/circuits/fourth-circuit","source":"/circuits/fourth-circuit.md","title":"Fourth Circuit"},{"path":"/circuits/","source":"/circuits/index.md","title":"Federal Circuit Courts"},{"path":"/circuits/ninth-circuit","source":"/circuits/ninth-circuit.md","title":"Ninth Circuit"},{"path":"/circuits/second-circuit","source":"/circuits/second-circuit.md","title":"Second Circuit"},{"path":"/circuits/seventh-circuit","source":"/circuits/seventh-circuit.md","title":"Seventh Circuit"},{"path":"/circuits/sixth-circuit","source":"/circuits/sixth-circuit.md","title":"Sixth Circuit"},{"path":"/circuits/tenth-circuit","source":"/circuits/tenth-circuit.md","title":"Tenth Circuit"},{"path":"/circuits/third-circuit","source":"/circuits/third-circuit.md","title":"Third Circuit"},{"path":"/districts/alabama-middle","source":"/districts/alabama-middle.md","title":"Alabama Middle"},{"path":"/districts/alabama-northern","source":"/districts/alabama-northern.md","title":"Alabama Northern"},{"path":"/districts/alabama-southern","source":"/districts/alabama-southern.md","title":"Alabama Southern"},{"path":"/districts/alaska","source":"/districts/alaska.md","title":"Alaska"},{"path":"/districts/arizona","source":"/districts/arizona.md","title":"Arizona"},{"path":"/districts/arkansas-eastern","source":"/districts/arkansas-eastern.md","title":"Arkansas Eastern"},{"path":"/districts/arkansas-western","source":"/districts/arkansas-western.md","title":"Arkansas Western"},{"path":"/districts/california-central","source":"/districts/california-central.md","title":"California Central"},{"path":"/districts/california-eastern","source":"/districts/california-eastern.md","title":"California Eastern"},{"path":"/districts/california-northern","source":"/districts/california-northern.md","title":"California Northern"},{"path":"/districts/california-southern","source":"/districts/california-southern.md","title":"California Southern"},{"path":"/districts/colorado","source":"/districts/colorado.md","title":"Colorado"},{"path":"/districts/connecticut","source":"/districts/connecticut.md","title":"Connecticut"},{"path":"/districts/delaware","source":"/districts/delaware.md","title":"Delaware"},{"path":"/districts/district-of-columbia","source":"/districts/district-of-columbia.md","title":"District of Columbia"},{"path":"/districts/florida-middle","source":"/districts/florida-middle.md","title":"Florida Middle"},{"path":"/districts/florida-northern","source":"/districts/florida-northern.md","title":"Florida Northern"},{"path":"/districts/florida-southern","source":"/districts/florida-southern.md","title":"Florida Southern"},{"path":"/districts/georgia-middle","source":"/districts/georgia-middle.md","title":"Georgia Middle"},{"path":"/districts/georgia-northern","source":"/districts/georgia-northern.md","title":"Georgia Northern"},{"path":"/districts/georgia-southern","source":"/districts/georgia-southern.md","title":"Georgia Southern"},{"path":"/districts/guam","source":"/districts/guam.md","title":"Guam"},{"path":"/districts/hawaii","source":"/districts/hawaii.md","title":"Hawaii"},{"path":"/districts/idaho","source":"/districts/idaho.md","title":"Idaho"},{"path":"/districts/illinois-central","source":"/districts/illinois-central.md","title":"Illinois Central"},{"path":"/districts/illinois-northern","source":"/districts/illinois-northern.md","title":"Illinois Northern"},{"path":"/districts/illinois-southern","source":"/districts/illinois-southern.md","title":"Illinois Southern"},{"path":"/districts/","source":"/districts/index.md","title":"Federal Judicial Districts"},{"path":"/districts/indiana-northern","source":"/districts/indiana-northern.md","title":"Indiana Northern"},{"path":"/districts/indiana-southern","source":"/districts/indiana-southern.md","title":"Indiana Southern"},{"path":"/districts/iowa-northern","source":"/districts/iowa-northern.md","title":"Iowa Northern"},{"path":"/districts/iowa-southern","source":"/districts/iowa-southern.md","title":"Iowa Southern"},{"path":"/districts/kansas","source":"/districts/kansas.md","title":"Kansas"},{"path":"/districts/kentucky-eastern","source":"/districts/kentucky-eastern.md","title":"Kentucky Eastern"},{"path":"/districts/kentucky-western","source":"/districts/kentucky-western.md","title":"Kentucky Western"},{"path":"/districts/louisiana-eastern","source":"/districts/louisiana-eastern.md","title":"Louisiana Eastern"},{"path":"/districts/louisiana-middle","source":"/districts/louisiana-middle.md","title":"Louisiana Middle"},{"path":"/districts/louisiana-western","source":"/districts/louisiana-western.md","title":"Louisiana Western"},{"path":"/districts/maine","source":"/districts/maine.md","title":"Maine"},{"path":"/districts/maryland","source":"/districts/maryland.md","title":"Maryland"},{"path":"/districts/massachusetts","source":"/districts/massachusetts.md","title":"Massachusetts"},{"path":"/districts/michigan-eastern","source":"/districts/michigan-eastern.md","title":"Michigan Eastern"},{"path":"/districts/michigan-western","source":"/districts/michigan-western.md","title":"Michigan Western"},{"path":"/districts/minnesota","source":"/districts/minnesota.md","title":"Minnesota"},{"path":"/districts/mississippi-northern","source":"/districts/mississippi-northern.md","title":"Mississippi Northern"},{"path":"/districts/mississippi-southern","source":"/districts/mississippi-southern.md","title":"Mississippi Southern"},{"path":"/districts/missouri-eastern","source":"/districts/missouri-eastern.md","title":"Missouri Eastern"},{"path":"/districts/missouri-western","source":"/districts/missouri-western.md","title":"Missouri Western"},{"path":"/districts/montana","source":"/districts/montana.md","title":"Montana"},{"path":"/districts/nebraska","source":"/districts/nebraska.md","title":"Nebraska"},{"path":"/districts/nevada","source":"/districts/nevada.md","title":"Nevada"},{"path":"/districts/new-hampshire","source":"/districts/new-hampshire.md","title":"New Hampshire"},{"path":"/districts/new-jersey","source":"/districts/new-jersey.md","title":"New Jersey"},{"path":"/districts/new-mexico","source":"/districts/new-mexico.md","title":"New Mexico"},{"path":"/districts/new-york-eastern","source":"/districts/new-york-eastern.md","title":"New York Eastern"},{"path":"/districts/new-york-northern","source":"/districts/new-york-northern.md","title":"New York Northern"},{"path":"/districts/new-york-southern","source":"/districts/new-york-southern.md","title":"New York Southern"},{"path":"/districts/new-york-western","source":"/districts/new-york-western.md","title":"New York Western"},{"path":"/districts/north-carolina-eastern","source":"/districts/north-carolina-eastern.md","title":"North Carolina Eastern"},{"path":"/districts/north-carolina-middle","source":"/districts/north-carolina-middle.md","title":"North Carolina Middle"},{"path":"/districts/north-carolina-western","source":"/districts/north-carolina-western.md","title":"North Carolina Western"},{"path":"/districts/north-dakota","source":"/districts/north-dakota.md","title":"North Dakota"},{"path":"/districts/northern-mariana-islands","source":"/districts/northern-mariana-islands.md","title":"Northern Mariana Islands"},{"path":"/districts/ohio-northern","source":"/districts/ohio-northern.md","title":"Ohio Northern"},{"path":"/districts/ohio-southern","source":"/districts/ohio-southern.md","title":"Ohio Southern"},{"path":"/districts/oklahoma-eastern","source":"/districts/oklahoma-eastern.md","title":"Oklahoma Eastern"},{"path":"/districts/oklahoma-northern","source":"/districts/oklahoma-northern.md","title":"Oklahoma Northern"},{"path":"/districts/oklahoma-western","source":"/districts/oklahoma-western.md","title":"Oklahoma Western"},{"path":"/districts/oregon","source":"/districts/oregon.md","title":"Oregon"},{"path":"/districts/pennsylvania-eastern","source":"/districts/pennsylvania-eastern.md","title":"Pennsylvania Eastern"},{"path":"/districts/pennsylvania-middle","source":"/districts/pennsylvania-middle.md","title":"Pennsylvania Middle"},{"path":"/districts/pennsylvania-western","source":"/districts/pennsylvania-western.md","title":"Pennsylvania Western"},{"path":"/districts/puerto-rico","source":"/districts/puerto-rico.md","title":"Puerto Rico"},{"path":"/districts/rhode-island","source":"/districts/rhode-island.md","title":"Rhode Island"},{"path":"/districts/south-carolina","source":"/districts/south-carolina.md","title":"South Carolina"},{"path":"/districts/south-dakota","source":"/districts/south-dakota.md","title":"South Dakota"},{"path":"/districts/tennessee-eastern","source":"/districts/tennessee-eastern.md","title":"Tennessee Eastern"},{"path":"/districts/tennessee-middle","source":"/districts/tennessee-middle.md","title":"Tennessee Middle"},{"path":"/districts/tennessee-western","source":"/districts/tennessee-western.md","title":"Tennessee Western"},{"path":"/districts/texas-eastern","source":"/districts/texas-eastern.md","title":"Texas Eastern"},{"path":"/districts/texas-northern","source":"/districts/texas-northern.md","title":"Texas Northern"},{"path":"/districts/texas-southern","source":"/districts/texas-southern.md","title":"Texas Southern"},{"path":"/districts/texas-western","source":"/districts/texas-western.md","title":"Texas Western"},{"path":"/districts/us-virgin-islands","source":"/districts/us-virgin-islands.md","title":"US Virgin Islands"},{"path":"/districts/utah","source":"/districts/utah.md","title":"Utah"},{"path":"/districts/vermont","source":"/districts/vermont.md","title":"Vermont"},{"path":"/districts/virginia-eastern","source":"/districts/virginia-eastern.md","title":"Virginia Eastern"},{"path":"/districts/virginia-western","source":"/districts/virginia-western.md","title":"Virginia Western"},{"path":"/districts/washington-eastern","source":"/districts/washington-eastern.md","title":"Washington Eastern"},{"path":"/districts/washington-western","source":"/districts/washington-western.md","title":"Washington Western"},{"path":"/districts/west-virginia-northern","source":"/districts/west-virginia-northern.md","title":"West Virginia Northern"},{"path":"/districts/west-virginia-southern","source":"/districts/west-virginia-southern.md","title":"West Virginia Southern"},{"path":"/districts/wisconsin-eastern","source":"/districts/wisconsin-eastern.md","title":"Wisconsin Eastern"},{"path":"/districts/wisconsin-western","source":"/districts/wisconsin-western.md","title":"Wisconsin Western"},{"path":"/districts/wyoming","source":"/districts/wyoming.md","title":"Wyoming"}],"modules":[],"files":[]}